question,answer,passage
"Hello, I forgot o update my address, can you help me with that?",I forgot o update my address,1. Forgetting to Update Address
Can I do my DMV transactions online?,Yes,"About ten percent of customers visiting a DMV office do not bring what they need to complete their transaction, and have to come back a second time to finish their business. This can be as simple as not bringing sufficient funds to pay for a license renewal or not having the proof of auto insurance required to register a car. Better yet , don t visit a DMV office at all, and see if your transaction can be performed online, like an address change, registration renewal, license renewal, replacing"
"Thanks, and in case I forget to bring all of the documentation needed to the DMV office, what can I do?",(iii),"About ten percent of customers visiting a DMV office do not bring what they need to complete their transaction, and have to come back a second time to finish their business. This can be as simple as not bringing sufficient funds to pay for a license renewal or not having the proof of auto insurance required to register a car. Better yet , don t visit a DMV office at all, and see if your transaction can be performed online, like an address change, registration renewal, license renewal, replacing"
"Ok, and can you tell me again where should I report my new address?",DMV,"By statute , you must report a change of address to DMV within ten days of moving. That is the case for the address associated with your license, as well as all the addresses associated with each registered vehicle, which may differ. It is not sufficient to only: write your new address on the back of your old license; tell the United States Postal Service; or inform the police officer writing you a ticket. If you fail to keep your address current , you will miss a suspension order and may be"
Can you tell me more about Traffic points and their cost?,Yes,4. Understanding how Much Traffic Points Cost
Will you keep me informed about when my insurance is about to lapse?,b).,"possible mail correspondence can reach you. Also , turning in your plates is important to avoid an insurance lapse."
Is it needed that my address is always up to date with you guys?,yes,1. Forgetting to Update Address
Can you tell me more about the traffic points and its cost?,Yes,4. Understanding how Much Traffic Points Cost
It's always a hassle to bring all the required documents to the DMV Office. Please tell me an alternative.,online,"About ten percent of customers visiting a DMV office do not bring what they need to complete their transaction, and have to come back a second time to finish their business. This can be as simple as not bringing sufficient funds to pay for a license renewal or not having the proof of auto insurance required to register a car. Better yet , don t visit a DMV office at all, and see if your transaction can be performed online, like an address change, registration renewal, license renewal, replacing"
"In case I have a problem with my insurance and your inquiry letter does not resolve the problem, what would happen.",I would have to contact my insurance company,"Because we all pay indirectly for crashes involving uninsured motorists , New York State requires every motorist to maintain auto insurance every single day a vehicle is registered. DMV works with insurance companies to electronically monitor your insurance coverage , and we know when coverage is dropped for any reason. When that happens , we mail you an insurance inquiry letter to allow you to clear up the problem. We send 500,000 inquiry letters a year. If the inquiry letter does not resolve"
I moved recently and forgot to update my address. Could this be a problem?,Yes,1. Forgetting to Update Address
